{
	"display": {
		"icon": {
			"item": "minecraft:player_head",
			"nbt": "{SkullOwner:{Id:[I;-1784941834,1374769014,-1151172044,-442681800],Properties:{textures:[{Value:'eyJ0ZXh0dXJlcyI6eyJTS0lOIjp7InVybCI6Imh0dHA6Ly90ZXh0dXJlcy5taW5lY3JhZnQubmV0L3RleHR1cmUvYTUxZTg4MDExZmFmZmMyMDJhZjExNGJiOWE3MmYyMzRiYTAyYWI0NDU3ZTkyOWZiYWFkZTQ5ZDhjMjZlZDJkNyJ9fX0='}]}}}"
		},
		"title": "Vengo Packs",
		"frame": "challenge",
		"description": ["",{"text":"All loaded packs written by BVengo\n","color":"gold"}],
		"background": "minecraft:textures/block/black_concrete.png",
		"show_toast": false,
		"announce_to_chat": false
	},
	"criteria": {
		"tick": {
			"trigger": "minecraft:tick"
		}
	}
}