{
	"display": {
		"icon": {
			"item": "minecraft:crimson_button"
		},
		"title": "Stream Status",
		"description": ["",
			{"text": "Add a", "color": "green"},
			{"text":" ● ", "color":"red"},
			{"text": "prefix to people who are recording, and a"},
			{"text":" ● ", "color":"gray"},
			{"text": "prefix to those who are AFK."},
			{"text":" ● ", "color":"gray"},
			{"text": "is automatically applied after being inactive for 5 minutes.", "color": "green"}],
		"show_toast": false,
		"announce_to_chat": false
	},
    "parent": "vengopacks:root",
	"criteria": {
		"tick": {
			"trigger": "minecraft:tick"
		}
	}
}
